Parameter,Value
MSE,0.31
MAE,0.051333333333333335
R-SQUARED,0.9694849572651592
RMSE,0.5567764362830022
ACCURACY,0.99
