Parameter,Value
MSE,6.975333333333333
MAE,1.4793333333333334
R-SQUARED,0.32480290672251855
RMSE,2.641085635365376
ACCURACY,0.6533333333333333
