Parameter,Value
MSE,0.05333333333333334
MAE,0.008
R-SQUARED,0.9946648968351101
RMSE,0.23094010767585033
ACCURACY,0.9986666666666667
