Parameter,Value
MSE,12.462666666666667
MAE,1.7973333333333332
R-SQUARED,-0.08724938855065645
RMSE,3.5302502272029765
ACCURACY,0.68
